{
	"class_name" : "PinholeCameraParameters",
	"extrinsic" : 
	[
		-0.039889877970568033,
		0.71607770345962651,
		-0.69687984634618361,
		0.0,
		0.2432249188474343,
		-0.66949841025224655,
		-0.7018643156062101,
		0.0,
		-0.96914933652515711,
		-0.19749582597539095,
		-0.14746173142597335,
		0.0,
		246.48173956175953,
		201.00874584048199,
		2928.3590053484968,
		1.0
	],
	"intrinsic" : 
	{
		"height" : 831,
		"intrinsic_matrix" : 
		[
			719.66711054486859,
			0.0,
			0.0,
			0.0,
			719.66711054486859,
			0.0,
			582.5,
			415.0,
			1.0
		],
		"width" : 1166
	},
	"version_major" : 1,
	"version_minor" : 0
}