bpp,psnr_d1,psnr_d2
,3.15354182743548,-0.8910111853870775
,3.156246031079756,-0.8807696105981877
,3.15175465807729,-0.886315776165882
